question_id,hop_depth,model_role,paragraph_id,delta_loo_lcb
4hop1__76111_624859_355213_203322,4hop,small,0,0.285728
4hop1__76111_624859_355213_203322,4hop,small,1,0.193902
4hop1__76111_624859_355213_203322,4hop,small,2,0.244942
4hop1__76111_624859_355213_203322,4hop,small,3,0.06021
4hop1__76111_624859_355213_203322,4hop,small,4,0.21824
