question_id,hop_depth,model_role,paragraph_id,delta_loo_lcb
2hop__132929_684936,2hop,small,0,0.05507
2hop__132929_684936,2hop,small,1,0.081746
2hop__132929_684936,2hop,small,2,0.15574
2hop__132929_684936,2hop,small,3,0.0429
2hop__132929_684936,2hop,small,4,0.13504
