{
  "status": "computed",
  "bridge_form": "linear_ols",
  "diagnostic_scope": "pure_python_without_scipy",
  "calibration_manifest_path": "C:\\Users\\Mingx\\Documents\\mx-codex\\phase0-config-starter\\phase0-config-starter\\artifacts\\phase1\\live_calibration_p2\\calibration_manifest.json",
  "bootstrap_resamples": 1000,
  "per_hop": {
    "2hop": {
      "coefficients": {
        "intercept": -1.919999999999999e-05,
        "slope": 0.0,
        "intercept_ci": [
          -2.9359999999999976e-05,
          -9.04e-06
        ],
        "slope_ci": [
          0.0,
          0.0
        ]
      },
      "calibration": {
        "question_count": 2,
        "row_count": 10
      },
      "consistency": {
        "pearson_r": 0.0,
        "mae": 0.00019620000000000003,
        "rmse": 0.00033706279533641804,
        "sigma_calibration": 0.0003552953825887538,
        "mae_threshold": 0.0001776476912943769
      },
      "diagnostics": {
        "normality_test": "jarque_bera_proxy_without_scipy",
        "normality_pvalue": 0.05545616706408882,
        "breusch_pagan_pvalue": 1.0,
        "icc_question_residual": -0.24773059831103272
      },
      "bridge_coefficient_variance": {
        "intercept": 4.9597472570170055e-11,
        "slope": 0.0
      }
    },
    "3hop": {
      "coefficients": {
        "intercept": 8.094000000000001e-05,
        "slope": 0.0,
        "intercept_ci": [
          -7.160000000000001e-06,
          0.00016904000000000002
        ],
        "slope_ci": [
          0.0,
          0.0
        ]
      },
      "calibration": {
        "question_count": 2,
        "row_count": 10
      },
      "consistency": {
        "pearson_r": 0.0,
        "mae": 0.000218052,
        "rmse": 0.0003653976688486121,
        "sigma_calibration": 0.0003851629617591898,
        "mae_threshold": 0.0001925814808795949
      },
      "diagnostics": {
        "normality_test": "jarque_bera_proxy_without_scipy",
        "normality_pvalue": 0.0013533862434063125,
        "breusch_pagan_pvalue": 1.0,
        "icc_question_residual": -0.11265269024583878
      },
      "bridge_coefficient_variance": {
        "intercept": 3.8124655389789805e-09,
        "slope": 0.0
      }
    },
    "4hop": {
      "coefficients": {
        "intercept": -2.114e-05,
        "slope": 0.0,
        "intercept_ci": [
          -4.2040000000000004e-05,
          -2.399999999999998e-07
        ],
        "slope_ci": [
          0.0,
          0.0
        ]
      },
      "calibration": {
        "question_count": 2,
        "row_count": 10
      },
      "consistency": {
        "pearson_r": 0.0,
        "mae": 2.09e-05,
        "rmse": 2.4856073704428866e-05,
        "sigma_calibration": 2.620060219833803e-05,
        "mae_threshold": 1.3100301099169015e-05
      },
      "diagnostics": {
        "normality_test": "jarque_bera_proxy_without_scipy",
        "normality_pvalue": 0.5370084930625404,
        "breusch_pagan_pvalue": 1.0,
        "icc_question_residual": 0.78545361311939
      },
      "bridge_coefficient_variance": {
        "intercept": 2.1817544519519523e-10,
        "slope": 0.0
      }
    }
  }
}