question_id,hop_depth,model_role,paragraph_id,delta_loo_lcb
3hop1__222979_40769_64047,3hop,small,0,-0.0003022
3hop1__222979_40769_64047,3hop,small,1,-0.0001496
3hop1__222979_40769_64047,3hop,small,2,-0.000279
3hop1__222979_40769_64047,3hop,small,3,-1.1800000000000002e-05
3hop1__222979_40769_64047,3hop,small,4,-2.0599999999999996e-05
