question_id,hop_depth,model_role,paragraph_id,delta_loo_lcb
3hop1__222979_40769_64047,3hop,frontier,0,0.232146
3hop1__222979_40769_64047,3hop,frontier,1,0.34704
3hop1__222979_40769_64047,3hop,frontier,2,0.123342
3hop1__222979_40769_64047,3hop,frontier,3,0.152808
3hop1__222979_40769_64047,3hop,frontier,4,0.041890000000000004
