question_id,hop_depth,model_role,paragraph_id,delta_loo_lcb
3hop1__773623_87694_124169,3hop,frontier,0,-6.62e-05
3hop1__773623_87694_124169,3hop,frontier,1,-4e-05
3hop1__773623_87694_124169,3hop,frontier,2,-0.0001234
3hop1__773623_87694_124169,3hop,frontier,3,-0.0001312
3hop1__773623_87694_124169,3hop,frontier,4,-0.00013
