question_id,hop_depth,model_role,paragraph_id,delta_loo_lcb
4hop1__105401_17130_70784_61381,4hop,small,0,0.135684
4hop1__105401_17130_70784_61381,4hop,small,1,0.196838
4hop1__105401_17130_70784_61381,4hop,small,2,0.119452
4hop1__105401_17130_70784_61381,4hop,small,3,0.19921
4hop1__105401_17130_70784_61381,4hop,small,4,0.40762000000000004
