question_id,hop_depth,model_role,paragraph_id,delta_loo_lcb
3hop1__222979_40769_64047,3hop,frontier,0,-4.599999999999997e-06
3hop1__222979_40769_64047,3hop,frontier,1,1.200000000000002e-06
3hop1__222979_40769_64047,3hop,frontier,2,-7.54e-05
3hop1__222979_40769_64047,3hop,frontier,3,-9.800000000000001e-06
3hop1__222979_40769_64047,3hop,frontier,4,1.7400000000000003e-05
