question_id,hop_depth,model_role,paragraph_id,delta_loo_lcb
2hop__86458_20273,2hop,frontier,0,-0.000136
2hop__86458_20273,2hop,frontier,1,-0.00010079999999999998
2hop__86458_20273,2hop,frontier,2,-9.12e-05
2hop__86458_20273,2hop,frontier,3,0.0007626
2hop__86458_20273,2hop,frontier,4,-0.00019219999999999998
