question_id,hop_depth,model_role,paragraph_id,delta_loo_lcb
3hop1__773623_87694_124169,3hop,small,0,0.090618
3hop1__773623_87694_124169,3hop,small,1,0.25990199999999997
3hop1__773623_87694_124169,3hop,small,2,0.248364
3hop1__773623_87694_124169,3hop,small,3,0.174078
3hop1__773623_87694_124169,3hop,small,4,0.09363
