question_id,hop_depth,model_role,paragraph_id,delta_loo_lcb
4hop1__76111_624859_355213_203322,4hop,frontier,0,3e-06
4hop1__76111_624859_355213_203322,4hop,frontier,1,-1.6e-06
4hop1__76111_624859_355213_203322,4hop,frontier,2,-2.7999999999999994e-06
4hop1__76111_624859_355213_203322,4hop,frontier,3,1.2000000000000002e-06
4hop1__76111_624859_355213_203322,4hop,frontier,4,-1e-06
