question_id,hop_depth,model_role,paragraph_id,delta_loo_lcb
2hop__86458_20273,2hop,frontier,0,-0.00029659999999999995
2hop__86458_20273,2hop,frontier,1,-0.0002636
2hop__86458_20273,2hop,frontier,2,-0.0001338
2hop__86458_20273,2hop,frontier,3,0.0008313999999999999
2hop__86458_20273,2hop,frontier,4,-0.00022920000000000001
