{
  "status": "computed",
  "bridge_form": "linear_ols",
  "diagnostic_scope": "pure_python_without_scipy",
  "calibration_manifest_path": "C:\\Users\\Mingx\\Documents\\mx-codex\\phase0-config-starter\\phase0-config-starter\\artifacts\\phase1\\live_mini_batch\\calibration_manifest.json",
  "bootstrap_resamples": 1000,
  "per_hop": {
    "2hop": {
      "coefficients": {
        "intercept": -5.933528176002567e-05,
        "slope": 1.0002534068709483,
        "intercept_ci": [
          -5.933528176002567e-05,
          -5.933528176002567e-05
        ],
        "slope_ci": [
          1.0002534068709483,
          1.0002534068709483
        ]
      },
      "calibration": {
        "question_count": 1,
        "row_count": 20
      },
      "consistency": {
        "pearson_r": 0.9999976798845426,
        "mae": 0.00012608268821501516,
        "rmse": 0.00025195349908574405,
        "sigma_calibration": 0.12000215544461515,
        "mae_threshold": 0.060001077722307575
      },
      "diagnostics": {
        "normality_test": "jarque_bera_proxy_without_scipy",
        "normality_pvalue": 3.954309995137296e-08,
        "breusch_pagan_pvalue": 0.10845983904870769,
        "icc_question_residual": 0.0
      },
      "bridge_coefficient_variance": {
        "intercept": 0.0,
        "slope": 0.0
      }
    },
    "3hop": {
      "coefficients": {
        "intercept": 0.00016170745345822635,
        "slope": 0.9992096659819198,
        "intercept_ci": [
          0.00016170745345822635,
          0.00016170745345822635
        ],
        "slope_ci": [
          0.9992096659819198,
          0.9992096659819198
        ]
      },
      "calibration": {
        "question_count": 1,
        "row_count": 20
      },
      "consistency": {
        "pearson_r": 0.9999944319674916,
        "mae": 0.00015615190073021762,
        "rmse": 0.000332327853691172,
        "sigma_calibration": 0.10217382821425301,
        "mae_threshold": 0.051086914107126506
      },
      "diagnostics": {
        "normality_test": "jarque_bera_proxy_without_scipy",
        "normality_pvalue": 8.550159681037403e-29,
        "breusch_pagan_pvalue": 0.1437880691219331,
        "icc_question_residual": 0.0
      },
      "bridge_coefficient_variance": {
        "intercept": 0.0,
        "slope": 0.0
      }
    },
    "4hop": {
      "coefficients": {
        "intercept": -3.3095792267845425e-07,
        "slope": 1.0000014180866321,
        "intercept_ci": [
          -3.3095792267845425e-07,
          -3.3095792267845425e-07
        ],
        "slope_ci": [
          1.0000014180866321,
          1.0000014180866321
        ]
      },
      "calibration": {
        "question_count": 1,
        "row_count": 20
      },
      "consistency": {
        "pearson_r": 0.9999999999544982,
        "mae": 5.871336478482881e-07,
        "rmse": 1.1083123709512839e-06,
        "sigma_calibration": 0.1191984150564688,
        "mae_threshold": 0.0595992075282344
      },
      "diagnostics": {
        "normality_test": "jarque_bera_proxy_without_scipy",
        "normality_pvalue": 0.003438330945379818,
        "breusch_pagan_pvalue": 0.049076138707961486,
        "icc_question_residual": 0.0
      },
      "bridge_coefficient_variance": {
        "intercept": 0.0,
        "slope": 0.0
      }
    }
  }
}