question_id,hop_depth,model_role,paragraph_id,delta_loo_lcb
3hop1__222979_40769_64047,3hop,frontier,0,-9.219999999999999e-05
3hop1__222979_40769_64047,3hop,frontier,1,0.0011712
3hop1__222979_40769_64047,3hop,frontier,2,-9.36e-05
3hop1__222979_40769_64047,3hop,frontier,3,-5.6599999999999993e-05
3hop1__222979_40769_64047,3hop,frontier,4,-8.36e-05
