question_id,hop_depth,model_role,paragraph_id,delta_loo_lcb
4hop1__76111_624859_355213_203322,4hop,frontier,0,0.285728
4hop1__76111_624859_355213_203322,4hop,frontier,1,0.193902
4hop1__76111_624859_355213_203322,4hop,frontier,2,0.244942
4hop1__76111_624859_355213_203322,4hop,frontier,3,0.06021
4hop1__76111_624859_355213_203322,4hop,frontier,4,0.21824
