question_id,hop_depth,model_role,paragraph_id,delta_loo_lcb
3hop1__409517_547811_80702,3hop,small,0,0.05306
3hop1__409517_547811_80702,3hop,small,1,0.0327
3hop1__409517_547811_80702,3hop,small,2,0.14602800000000002
3hop1__409517_547811_80702,3hop,small,3,0.11975799999999999
3hop1__409517_547811_80702,3hop,small,4,0.2112
