question_id,hop_depth,model_role,paragraph_id,delta_loo_lcb
4hop3__373866_5189_38229_86687,4hop,frontier,0,0.091284
4hop3__373866_5189_38229_86687,4hop,frontier,1,0.427184
4hop3__373866_5189_38229_86687,4hop,frontier,2,0.112158
4hop3__373866_5189_38229_86687,4hop,frontier,3,0.045318
4hop3__373866_5189_38229_86687,4hop,frontier,4,0.22176
