question_id,hop_depth,model_role,paragraph_id,delta_loo_lcb
3hop1__409517_547811_80702,3hop,frontier,0,0.05306
3hop1__409517_547811_80702,3hop,frontier,1,0.0327
3hop1__409517_547811_80702,3hop,frontier,2,0.14602800000000002
3hop1__409517_547811_80702,3hop,frontier,3,0.11975799999999999
3hop1__409517_547811_80702,3hop,frontier,4,0.2112
