question_id,hop_depth,model_role,paragraph_id,delta_loo_lcb
3hop1__409517_547811_80702,3hop,frontier,0,1.34e-05
3hop1__409517_547811_80702,3hop,frontier,1,5.600000000000001e-06
3hop1__409517_547811_80702,3hop,frontier,2,-1.92e-05
3hop1__409517_547811_80702,3hop,frontier,3,-2.72e-05
3hop1__409517_547811_80702,3hop,frontier,4,-1.5399999999999998e-05
