question_id,hop_depth,model_role,paragraph_id,delta_loo_lcb
4hop1__76111_624859_355213_203322,4hop,small,0,9.800000000000001e-05
4hop1__76111_624859_355213_203322,4hop,small,1,-0.000313
4hop1__76111_624859_355213_203322,4hop,small,2,-6.400000000000001e-05
4hop1__76111_624859_355213_203322,4hop,small,3,-0.000287
4hop1__76111_624859_355213_203322,4hop,small,4,-0.00023579999999999999
