question_id,hop_depth,model_role,paragraph_id,delta_loo_lcb
4hop1__76111_624859_355213_203322,4hop,frontier,0,-0.0130782
4hop1__76111_624859_355213_203322,4hop,frontier,1,-0.011533199999999999
4hop1__76111_624859_355213_203322,4hop,frontier,2,-0.012726599999999998
4hop1__76111_624859_355213_203322,4hop,frontier,3,-0.011973999999999999
4hop1__76111_624859_355213_203322,4hop,frontier,4,-0.010911
