question_id,hop_depth,model_role,paragraph_id,delta_loo_lcb
2hop__32254_84601,2hop,frontier,0,0.17899199999999998
2hop__32254_84601,2hop,frontier,1,0.115956
2hop__32254_84601,2hop,frontier,2,0.12601600000000002
2hop__32254_84601,2hop,frontier,3,0.22898000000000002
2hop__32254_84601,2hop,frontier,4,0.216668
